{
  "run": {
    "tool": "mobile_accessibility_auditor",
    "version": "1.0.0",
    "platform": "android",
    "started_at": "2026-01-23T00:00:00Z"
  },
  "summary": {
    "screens_visited": 1,
    "findings_total": 2,
    "by_severity": {
      "critical": 1,
      "major": 1,
      "minor": 0
    },
    "by_wcag": {
      "4.1.2": 2
    }
  },
  "findings": [
    {
      "id": "F-0001",
      "rule_id": "missing_accessible_name",
      "wcag": "4.1.2",
      "level": "A",
      "severity": "critical",
      "screen_id": "S-0001",
      "element_ref": {
        "xpath": "//node[1]",
        "resource_id": "com.example:id/icon",
        "class": "android.widget.ImageButton"
      },
      "evidence": {
        "screenshot": "screens/S-0001.png",
        "hierarchy": "screens/S-0001.xml"
      },
      "message": "Interactive control is missing an accessible name."
    },
    {
      "id": "F-0002",
      "rule_id": "hit_target_too_small",
      "wcag": "2.5.8",
      "level": "AA",
      "severity": "major",
      "screen_id": "S-0001",
      "element_ref": {
        "xpath": "//node[5]",
        "resource_id": "com.example:id/close",
        "class": "android.widget.ImageButton",
        "bounds": [
          0,
          0,
          30,
          30
        ]
      },
      "evidence": {
        "screenshot": "screens/S-0001.png",
        "hierarchy": "screens/S-0001.xml"
      },
      "message": "Hit target is smaller than 44x44px."
    }
  ],
  "ai_findings": [],
  "screens": [
    {
      "screen_id": "S-0001",
      "fingerprint": "abc123",
      "actions": []
    }
  ],
  "reports": {
    "json": "report.json",
    "html": "report.html",
    "pdf": "report.pdf"
  }
}